game_id,calling_side,score_diff_pre,elapsed_pre,elapsed_post,wp_caller_pre,wp_caller_post,delta_wp
2022020059,home,0,3567,3876,0.5241437736525111,0.5220248987850972,-0.0021188748674139113
2022020110,home,-1,3475,3600,0.08768128796355426,0.0012259755486056392,-0.08645531241494862
2022020255,home,-1,3514,3816,0.0763914072001468,0.5220248987850972,0.44563349158495036
2022020469,home,-1,3501,3600,0.08028438177044064,4.114916350330176e-05,-0.08024323260693735
2022020562,home,0,3793,3600,0.5220248987850972,0.9989719931838715,0.47694709439877436
2022020902,home,0,2721,3026,0.5328356291056359,0.5307851244468473,-0.0020505046587885323
2022020957,home,2,3221,3536,0.9795223102967888,0.9958970805400535,0.016374770243264725
2022020987,home,1,3570,3600,0.9526439312716494,0.9702184100346217,0.017574478762972356
2022021114,home,-1,3534,3600,0.07005746071989462,0.035321007106373044,-0.034736453613521574
2022021146,home,-1,3551,3600,0.06421143071307858,0.035321007106373044,-0.02889042360670554
2022021294,home,-1,3584,3600,0.05027823852676964,0.035321007106373044,-0.014957231420396594
2022020049,home,2,3487,3600,0.9938277993696886,0.9989719931838715,0.005144193814182962
2022020074,home,0,3777,3889,0.5220248987850972,0.9702184100346217,0.44819351124952456
2022020789,home,-1,3551,3617,0.06421143071307858,0.9702184100346217,0.9060069793215432
2022021125,home,-1,664,964,0.36968672377505374,0.7078504458320597,0.33816372205700596
2022021205,home,-1,2230,2531,0.29039719496727595,0.2573584523560184,-0.033038742611257554
2022021218,home,-3,1682,1994,0.08432561099033961,0.06446119032942964,-0.019864420660909973
2022021246,home,0,3624,3750,0.5220248987850972,0.9702184100346217,0.44819351124952456
2022021298,home,-1,3572,3600,0.055981337975189144,0.035321007106373044,-0.0206603308688161
2022020361,home,0,3430,3758,0.5268174240503484,0.5220248987850972,-0.004792525265251202
2022020761,home,-2,85,385,0.22923360490555833,0.2292264919286965,-7.112976861817222e-06
2022020930,home,-2,3522,3600,0.00572419160261694,0.0012259755486056392,-0.004498216054011301
2022021076,home,0,3843,3600,0.5220248987850972,0.9989719931838715,0.47694709439877436
2022021157,home,-1,3468,3600,0.08960026005018468,0.0012259755486056392,-0.08837428450157904
2022020024,home,-1,3482,3600,0.0857338758872987,0.035321007106373044,-0.05041286878092565
2022020097,home,-1,3460,3600,0.09176117913275081,0.035321007106373044,-0.056440172026377765
2022020590,home,0,3785,3600,0.5220248987850972,0.035321007106373044,-0.48670389167872413
2022020739,home,-2,232,551,0.22971255890894457,0.2274856159053922,-0.002226943003552362
2022021012,home,0,3839,3600,0.5220248987850972,0.035321007106373044,-0.48670389167872413
2022021120,home,1,2842,3160,0.8257128060466177,0.5297057815052391,-0.2960070245413786
2022020089,home,-3,2251,2555,0.0477023091145407,0.09227764044005683,0.04457533132551613
2022020424,home,2,2705,3029,0.9405600108375147,0.9662832855443106,0.025723274706795918
2022020840,home,-1,3560,3600,0.06086352565163717,0.035321007106373044,-0.025542518545264126
2022021013,home,-3,611,948,0.12723386955863636,0.11922269503314034,-0.008011174525496018
2022020193,home,0,3795,3842,0.5220248987850972,0.9702184100346217,0.44819351124952456
2022020275,home,0,3860,3600,0.5220248987850972,0.035321007106373044,-0.48670389167872413
2022020292,home,-2,3489,3600,0.007476688338206921,4.114916350330176e-05,-0.007435539174703619
2022020501,home,-4,2530,2833,0.009525160735239057,0.003881309139375317,-0.0056438515958637395
2022020555,home,-1,3578,3600,0.05327209759106925,0.035321007106373044,-0.01795109048469621
2022020890,home,0,3650,3688,0.5220248987850972,0.9702184100346217,0.44819351124952456
2022020387,home,-2,3435,3600,0.010569320635847847,4.114916350330176e-05,-0.010528171472344545
2022020605,home,-2,3472,3600,0.00841869096748349,4.114916350330176e-05,-0.008377541803980188
2022020687,home,-4,765,1071,0.06544139390391623,0.02905532883944457,-0.03638606506447166
2022020747,home,-1,3577,3600,0.05374028563662957,0.035321007106373044,-0.018419278530256523
2022021286,home,-2,3474,3600,0.008306394391277826,4.114916350330176e-05,-0.008265245227774524
2022020045,home,-2,3524,3600,0.005620862107051991,4.114916350330176e-05,-0.005579712943548689
2022020135,home,-3,1713,2018,0.08243164223014818,0.14776035330663556,0.06532871107648738
2022020634,home,2,2210,2513,0.899866709548212,0.9245282060409851,0.02466149649277305
2022020656,home,-1,3522,3600,0.07391446193114468,0.035321007106373044,-0.03859345482477163
2022020839,home,-1,3508,3600,0.07820694411023975,0.0012259755486056392,-0.07698096856163411
2022020971,home,-2,3526,3600,0.005517818190311387,0.0012259755486056392,-0.004291842641705748
2022021133,home,-2,3392,3600,0.013246451190739441,4.114916350330176e-05,-0.013205302027236139
2022021188,home,-1,3548,3600,0.06528316318446525,0.0012259755486056392,-0.06405718763585962
2022020016,home,-3,3489,3600,0.0006203901223498415,4.114916350330176e-05,-0.0005792409588465397
2022020223,home,-1,3496,3600,0.08174378847150933,0.035321007106373044,-0.046422781365136286
2022020330,home,-2,3429,3634,0.010931345307406682,0.035321007106373044,0.024389661798966362
2022020471,home,-1,3525,3600,0.0729672864199738,0.035321007106373044,-0.037646279313600754
2022020551,home,-1,3597,3600,0.04131058992162497,0.035321007106373044,-0.005989582815251929
2022020785,home,1,999,1300,0.7084883633630382,0.7158360987441714,0.0073477353811332025
2022020837,home,-1,3556,3600,0.06237825970267247,0.0012259755486056392,-0.06115228415406683
2022020955,home,0,3071,3375,0.5304386251706369,0.5275332737651778,-0.002905351405459111
2022021269,home,0,3556,3892,0.5244705332151707,0.5220248987850972,-0.0024456344300735067
2022020485,home,-1,1906,2207,0.31810643655840326,0.5355832812963681,0.21747684473796486
2022020623,home,-1,3559,3600,0.061246609768825455,0.035321007106373044,-0.02592560266245241
2022020727,home,-1,3557,3600,0.0620038723089138,0.035321007106373044,-0.026682865202540755
2022020735,home,-1,3557,3600,0.0620038723089138,0.035321007106373044,-0.026682865202540755
2022020815,home,-2,3427,3600,0.011052850390331099,4.114916350330176e-05,-0.011011701226827797
2022020381,home,1,1735,2079,0.7331296004227674,0.7534572777352424,0.02032767731247498
2022020606,home,0,1515,1823,0.53854458454861,0.5373021230917383,-0.0012424614568716796
2022020744,home,-1,3531,3600,0.07103950685987052,0.0012259755486056392,-0.06981353131126489
2022020881,home,0,3839,3600,0.5220248987850972,0.035321007106373044,-0.48670389167872413
2022020922,home,-3,1670,1970,0.08505229063847335,0.06603240795328195,-0.01901988268519139
2022021098,home,-2,3552,3600,0.004198236244749421,0.0012259755486056392,-0.0029722606961437824
2022021118,home,0,3499,3801,0.5257242037039495,0.5220248987850972,-0.0036993049188522864
2022020444,home,-1,1995,2301,0.3112280985490124,0.2832845225316395,-0.027943576017372906
2022020488,home,-1,3521,3600,0.07422786975628448,0.0012259755486056392,-0.07300189420767884
2022020591,home,-2,3530,3600,0.005312546452058664,0.0012259755486056392,-0.004086570903453025
2022020756,home,0,3806,3846,0.5220248987850972,0.9702184100346217,0.44819351124952456
2022020781,home,-1,3493,3600,0.08261032278486743,0.035321007106373044,-0.04728931567849439
2022020975,home,-1,3526,3600,0.07264916789185424,0.035321007106373044,-0.0373281607854812
2022021156,home,-1,3533,3600,0.07038623286151113,0.035321007106373044,-0.03506522575513809
2022021190,home,-2,3553,3600,0.004147917150423463,4.114916350330176e-05,-0.004106767986920161
2022020034,home,-3,673,992,0.1261624075172834,0.2161303197282933,0.08996791221100991
2022020146,home,-3,1506,1819,0.0945682922486622,0.013817922524088727,-0.08075036972457347
2022020406,home,-2,135,438,0.22949666742102204,0.37219997111045894,0.1427033036894369
2022020439,home,-1,3538,3600,0.0687273621440433,0.0012259755486056392,-0.06750138659543767
2022020923,home,0,3561,3750,0.5243278118149828,0.9702184100346217,0.44589059821963895
2022020934,home,-1,3578,3600,0.05327209759106925,0.035321007106373044,-0.01795109048469621
2022021225,home,-1,3067,3412,0.17666830191650273,0.01197738643188898,-0.16469091548461376
2022020113,home,-2,2598,2909,0.08760605334047486,0.20380254581293358,0.11619649247245872
2022020649,home,0,3755,3600,0.5220248987850972,0.9702184100346217,0.44819351124952456
2022021078,home,-1,1612,1936,0.3372993841634887,0.536818325331823,0.19951894116833435
2022021109,home,2,2056,2366,0.8881569533022535,0.9123676512798671,0.02421069797761355
2022021123,home,0,3392,3709,0.5273225588610762,0.5220248987850972,-0.005297660075978983
2022020007,home,0,3490,3600,0.5258847012090964,0.9702184100346217,0.44433370882552536
2022020280,home,-1,3530,3835,0.07136407028910213,0.5220248987850972,0.45066082849599504
2022020402,home,-1,3508,3613,0.07820694411023975,0.9702184100346217,0.892011465924382
2022020664,home,1,3550,3600,0.9463663350886089,0.9702184100346217,0.023852074946012825
2022020737,home,0,3473,3734,0.5261707025894782,0.9702184100346217,0.44404770744514355
2022020803,home,-1,3522,3600,0.07391446193114468,0.035321007106373044,-0.03859345482477163
2022021003,home,1,2922,3249,0.8359524522417188,0.8846476555987574,0.048695203357038586
2022021028,home,0,3370,3678,0.5275936993584021,0.5220248987850972,-0.005568800573304888
2022021044,home,-2,3510,3600,0.0063506366688425115,0.0012259755486056392,-0.0051246611202368725
2022020157,home,-4,1897,2227,0.029819339921151194,0.049242709636628995,0.0194233697154778
2022020213,home,0,3858,3867,0.5220248987850972,0.9702184100346217,0.44819351124952456
2022020473,home,0,2193,2502,0.53564999326343,0.5340870101824732,-0.0015629830809568146
2022020746,home,0,3688,3727,0.5220248987850972,0.9702184100346217,0.44819351124952456
2022020759,home,0,3761,3834,0.5220248987850972,0.9702184100346217,0.44819351124952456
2022020810,home,0,2965,3277,0.5312333241149861,0.528615333936441,-0.0026179901785451376
2022021029,home,0,3854,3600,0.5220248987850972,0.035321007106373044,-0.48670389167872413
2022020083,home,-2,3462,3600,0.008986182314009838,0.0012259755486056392,-0.007760206765404199
2022020186,home,0,3834,3600,0.5220248987850972,0.035321007106373044,-0.48670389167872413
2022020267,home,1,2672,2974,0.8058206212439566,0.8429308943953436,0.03711027315138704
2022020297,home,0,3730,3600,0.5220248987850972,0.9702184100346217,0.44819351124952456
2022020434,home,-1,3578,3600,0.05327209759106925,0.035321007106373044,-0.01795109048469621
2022020817,home,-3,3477,3600,0.00070494295859065,1.379566360660573e-06,-0.0007035633922299894
2022021235,home,0,3773,3810,0.5220248987850972,0.9702184100346217,0.44819351124952456
2022020166,home,-2,1625,1926,0.18092542276106863,0.068902956057924,-0.11202246670314463
2022020527,home,0,2888,3217,0.5317686479673933,0.5291958759289607,-0.002572772038432647
2022020607,home,-3,3464,3600,0.0008027909011364036,1.379566360660573e-06,-0.0008014113347757431
2022020826,home,-2,3460,3600,0.009100891723956884,0.035321007106373044,0.02622011538241616
2022020288,home,-2,3533,3600,0.0051592620069514025,0.035321007106373044,0.03016174509942164
2022020489,home,-1,3400,3600,0.10708739770056556,4.114916350330176e-05,-0.10704624853706227
2022020819,home,1,3561,3600,0.9496875172170856,0.9702184100346217,0.020530892817536173
2022021054,home,0,3672,3698,0.5220248987850972,0.9702184100346217,0.44819351124952456
2022020200,home,-2,3587,3600,0.002373333659554333,0.0012259755486056392,-0.0011473581109486938
2022021035,home,-3,507,858,0.12863141777127823,0.2206676366526747,0.09203621888139646
2022021102,home,-1,3554,3862,0.06311902498309607,0.5220248987850972,0.4589058738020011
2022020053,home,-1,3598,3600,0.040157183276027145,0.035321007106373044,-0.004836176169654101
2022021234,home,1,3103,3404,0.8614226916944638,0.9128312511653988,0.05140855947093492
2022020281,home,-2,3506,3600,0.006562083776931155,4.114916350330176e-05,-0.006520934613427853
2022020058,home,-2,732,1062,0.22405338152861565,0.2133656960526626,-0.010687685475953057
2022020118,home,-2,3549,3600,0.004349242245798763,0.035321007106373044,0.03097176486057428
2022020530,home,0,3520,3840,0.5253189709263333,0.5220248987850972,-0.003294072141236115
2022020964,home,-1,3567,3600,0.05808716235853281,0.0012259755486056392,-0.056861186809927175
2022021293,home,2,2585,2907,0.9305469867526035,0.9899393367633339,0.0593923500107304
2022020107,home,-2,3553,3600,0.004147917150423463,0.0012259755486056392,-0.002921941601817824
2022020129,home,-1,3543,3600,0.06702815366050038,0.035321007106373044,-0.03170714655412734
2022020095,home,3,3333,3600,0.9982495620923597,0.9999988434329778,0.0017492813406181362
2022020422,home,-3,1446,1772,0.09783076503709867,0.07876571285102354,-0.019065052186075127
2022021056,home,-2,1330,1660,0.2002066889431686,0.17830711593311813,-0.021899573010050466
2022021031,home,-1,3554,3789,0.06311902498309607,0.035321007106373044,-0.02779801787672303
2022020300,home,-1,3565,3600,0.058898755886044006,0.035321007106373044,-0.023577748779670962
2022020388,home,0,3802,3849,0.5220248987850972,0.9702184100346217,0.44819351124952456
2022020178,home,-1,3564,3600,0.059298739318641686,0.035321007106373044,-0.023977732212268642
2023020117,home,-3,2562,2880,0.029015171600490105,0.003270676714577571,-0.025744494885912534
2023020187,home,-1,3564,3600,0.059298739318641686,0.0012259755486056392,-0.05807276377003605
2023020253,home,-1,3471,3600,0.08878118694487266,0.035321007106373044,-0.05346017983849962
2023020271,home,-2,3467,3600,0.008701179654545645,0.0012259755486056392,-0.007475204105940006
2023020290,home,-1,3531,3600,0.07103950685987052,0.035321007106373044,-0.03571849975349748
2023020299,home,-4,1376,1678,0.049256427158559754,0.03818376450037055,-0.011072662658189202
2023020352,home,-1,3572,3600,0.055981337975189144,0.035321007106373044,-0.0206603308688161
2023020523,home,-1,3580,3600,0.05231199222588333,0.035321007106373044,-0.016990985119510284
2023020553,home,-2,3498,3600,0.006989193021783943,0.0012259755486056392,-0.005763217473178304
2023020620,home,-1,3567,3600,0.05808716235853281,0.035321007106373044,-0.02276615525215977
2023020722,home,-2,3458,3600,0.009216007575831074,4.114916350330176e-05,-0.009174858412327772
2023020886,home,-2,3458,3600,0.009216007575831074,4.114916350330176e-05,-0.009174858412327772
2023020922,home,-2,3500,3600,0.006881877423782926,0.0012259755486056392,-0.005655901875177287
2023020992,home,1,3559,3600,0.9490630570320043,0.9702184100346217,0.021155353002617394
2023020062,home,-2,3427,3600,0.011052850390331099,0.0012259755486056392,-0.00982687484172546
2023020145,home,0,3745,3600,0.5220248987850972,0.9989719931838715,0.47694709439877436
2023020282,home,-2,3540,3600,0.004803554512359709,0.0012259755486056392,-0.00357757896375407
2023020308,home,0,854,1171,0.5409198796382786,0.7122651795601095,0.1713452999218309
2023020457,home,0,3670,3600,0.5220248987850972,0.035321007106373044,-0.48670389167872413
2023020589,home,-1,3515,3600,0.07608544490079557,0.035321007106373044,-0.04076443779442252
2023020741,home,-1,3563,3600,0.05969506400658943,0.035321007106373044,-0.024374056900216386
2023020823,home,0,3897,3600,0.5220248987850972,0.035321007106373044,-0.48670389167872413
2023020853,home,0,3744,3873,0.5220248987850972,0.035321007106373044,-0.48670389167872413
2023020911,home,-1,3515,3694,0.07608544490079557,0.9702184100346217,0.8941329651338261
2023020941,home,1,3502,3600,0.9338885280987647,0.9702184100346217,0.03632988193585707
2023020978,home,-3,3506,3600,0.0005097763991205985,4.114916350330176e-05,-0.0004686272356172968
2023021064,home,1,3506,3600,0.9348462301974959,0.9702184100346217,0.03537217983712582
2023021136,home,-1,3555,3600,0.06274994718607503,0.035321007106373044,-0.027428940079701987
2023021295,home,-1,3479,3600,0.08657210835952366,0.0012259755486056392,-0.08534613281091802
2023020010,home,-3,3505,3600,0.0005159925709630095,1.379566360660573e-06,-0.0005146130046023489
2023020085,home,-1,3564,3600,0.059298739318641686,0.0012259755486056392,-0.05807276377003605
2023020348,home,0,1853,2176,0.5371752835741874,0.8972205837463266,0.3600453001721392
2023020745,home,-2,3551,3600,0.0042485606479298775,0.0012259755486056392,-0.0030225850993242384
2023020884,home,-1,3574,3600,0.05510330035581166,0.035321007106373044,-0.019782293249438615
2023020945,home,0,3190,3490,0.5294419119721265,0.5258847012090964,-0.003557210763030172
2023020971,home,-2,3536,3600,0.005006503035815699,4.114916350330176e-05,-0.004965353872312397
2023020503,home,0,3826,3600,0.5220248987850972,0.9702184100346217,0.44819351124952456
2023020603,home,-2,3397,3600,0.012925296885581533,1.379566360660573e-06,-0.012923917319220872
2023020035,home,-4,1927,2231,0.02868886174120022,0.017950079045696475,-0.010738782695503744
2023020263,home,1,2821,3126,0.8231210408662002,0.8649086879939935,0.04178764712779326
2023020296,home,-1,3552,3600,0.06384968813111473,0.035321007106373044,-0.028528681024741688
2023020381,home,1,2708,3009,0.8098303822596471,0.5309123880908224,-0.2789179941688247
2023020861,home,-1,3587,3600,0.048623845832058345,0.035321007106373044,-0.013302838725685301
2023021083,home,-1,3581,3648,0.051818874244699414,0.9702184100346217,0.9183995357899223
2023020039,home,0,3805,3600,0.5220248987850972,0.9702184100346217,0.44819351124952456
2023020142,home,-1,3553,3600,0.06348557838781654,0.035321007106373044,-0.0281645712814435
2023020367,home,-1,3502,3600,0.07999012482024308,0.035321007106373044,-0.044669117713870034
2023020578,home,-2,3543,3600,0.004651814918232604,0.0012259755486056392,-0.0034258393696269653
2023020852,home,-4,3118,3426,0.0011313912515704496,1.139433490530938e-05,-0.0011199969166651403
2023021251,home,0,3524,3778,0.5252359092114295,0.035321007106373044,-0.48991490210505645
2023020174,home,-1,3532,3600,0.07071357112062177,0.0012259755486056392,-0.06948759557201613
2023020802,home,0,3538,3757,0.5249262817313874,0.035321007106373044,-0.4896052746250144
2023021312,home,-1,2788,3108,0.22257773467571465,0.16909622998363538,-0.05348150469207927
2023020090,home,-1,3494,3600,0.08232221295311914,4.114916350330176e-05,-0.08228106378961585
2023020201,home,-1,3568,3600,0.05767519595236169,0.035321007106373044,-0.022354188845988644
2023020324,home,3,2001,2328,0.9514536580256554,0.9672996394012031,0.015845981375547713
2023020350,home,0,3756,3879,0.5220248987850972,0.9702184100346217,0.44819351124952456
2023020571,home,0,2661,2994,0.533193093786906,0.5310231316553948,-0.002169962131511216
2023020678,home,1,3499,3600,0.933177376386608,0.9702184100346217,0.0370410336480137
2023020828,home,-1,166,468,0.37311684950218693,0.228518935346058,-0.14459791415612894
2023020013,home,0,3857,3600,0.5220248987850972,0.9702184100346217,0.44819351124952456
2023020233,home,1,2165,2481,0.7595946001924664,0.7862490010125702,0.02665440082010384
2023020332,home,-1,2657,2970,0.2411273104037577,0.1936952231893112,-0.0474320872144465
2023020396,home,0,3828,3600,0.5220248987850972,0.035321007106373044,-0.48670389167872413
2023020730,home,-1,3526,3600,0.07264916789185424,0.035321007106373044,-0.0373281607854812
2023020806,home,-1,3536,3600,0.06939548319956873,0.035321007106373044,-0.03407447609319569
2023020966,home,0,3746,3600,0.5220248987850972,0.9702184100346217,0.44819351124952456
2023021130,home,0,3029,3345,0.5307624668154355,0.12010635616928134,-0.41065611064615415
2023021163,home,-2,3547,3600,0.004449993444440101,0.0012259755486056392,-0.003224017895834462
2023020134,home,0,2975,3281,0.5311614104481744,0.13433926070928617,-0.3968221497388883
2023020586,home,-1,3510,3600,0.07760551428268501,0.0012259755486056392,-0.07637953873407938
2023020720,home,1,3588,3600,0.9598072910365418,0.9702184100346217,0.010411118998079893
2023021240,home,-2,3474,3600,0.008306394391277826,0.035321007106373044,0.02701461271509522
2023021277,home,0,3489,3641,0.5259021181449662,0.035321007106373044,-0.4905811110385932
2023020029,home,-1,2890,3192,0.20686060742849027,0.15282423229195496,-0.05403637513653531
2023020239,home,-1,3531,3777,0.07103950685987052,0.9702184100346217,0.8991789031747512
2023020511,home,-1,2657,2978,0.2411273104037577,0.04767393669929962,-0.1934533737044581
2023020871,home,-2,2791,3127,0.06683451220566378,0.03370883694250881,-0.03312567526315496
2023020958,home,-1,3547,3600,0.06563612752580437,0.035321007106373044,-0.03031512041943133
2023020036,home,-1,3567,3600,0.05808716235853281,0.035321007106373044,-0.02276615525215977
2023020068,home,-2,3569,3600,0.0033387702888020513,0.0012259755486056392,-0.0021127947401964123
2023020641,home,0,3817,3899,0.5220248987850972,0.9702184100346217,0.44819351124952456
2023020704,home,-1,3474,3600,0.08795711674925843,0.0012259755486056392,-0.0867311412006528
2023020786,home,-1,3476,3600,0.0874048793063957,0.035321007106373044,-0.05208387220002266
2023020976,home,-2,3541,3600,0.0047529336655381055,0.0012259755486056392,-0.0035269581169324665
2023020996,home,-1,3578,3600,0.05327209759106925,0.035321007106373044,-0.01795109048469621
2023020149,home,-3,1735,2040,0.08107364868273063,0.06144359026136269,-0.019630058421367946
2023020839,home,-1,3558,3600,0.061626689445542074,0.035321007106373044,-0.02630568233916903
2023021135,home,-1,3544,3600,0.06668301370070708,0.035321007106373044,-0.03136200659433403
2023021210,home,-1,3554,3600,0.06311902498309607,0.035321007106373044,-0.02779801787672303
2023020114,home,0,3195,3508,0.5293969873846274,0.5255563089387452,-0.0038406784458822063
2023020151,home,-1,3497,3600,0.08145345359441872,0.0012259755486056392,-0.08022747804581308
2023020182,home,-2,3517,3600,0.005983823486773136,0.0012259755486056392,-0.004757847938167497
2023020752,home,-2,3361,3600,0.015295088000083517,0.035321007106373044,0.02002591910628953
2023020869,home,-3,2328,2642,0.04283044964228641,0.8025591861824672,0.7597287365401808
2023021307,home,-2,3529,3600,0.005363765778313694,0.035321007106373044,0.02995724132805935
2023020069,home,2,2882,3183,0.954981776811667,0.8738163534280433,-0.08116542338362365
2023020121,home,0,3848,3600,0.5220248987850972,0.9702184100346217,0.44819351124952456
2023020244,home,-1,3546,3600,0.06598705342320249,0.035321007106373044,-0.030666046316829447
2023020423,home,-1,3501,3600,0.08028438177044064,0.035321007106373044,-0.0449633746640676
2023020442,home,0,3521,3830,0.5252984055992338,0.5220248987850972,-0.0032735068141366286
2023020464,home,2,2623,2926,0.9337253766811576,0.9584465971692057,0.024721220488048035
2023020610,home,0,3888,3600,0.5220248987850972,0.9702184100346217,0.44819351124952456
2023020857,home,-1,3513,3600,0.07669637888191766,0.035321007106373044,-0.041375371775544616
2023021014,home,-1,3472,3600,0.0885070600619309,0.035321007106373044,-0.05318605295555786
2023020064,home,-1,3502,3739,0.07999012482024308,0.035321007106373044,-0.044669117713870034
2023020099,home,-2,3505,3600,0.006615161616087568,0.0012259755486056392,-0.005389186067481929
2023020261,home,-2,3507,3600,0.0065090930042289935,0.0012259755486056392,-0.0052831174556233545
2023020344,home,-1,3430,3628,0.09959897627302688,0.035321007106373044,-0.06427796916665385
2023020355,home,-2,3488,3600,0.007531324853069055,4.114916350330176e-05,-0.007490175689565753
2023020387,home,-1,3566,3600,0.05849495408348788,0.035321007106373044,-0.023173946977114834
2023020644,home,0,3417,3712,0.5269961289048853,0.9702184100346217,0.4432222811297364
2023020725,home,-1,1848,2172,0.32231038721659416,0.2959162216164787,-0.026394165600115482
2023020831,home,-1,3536,3600,0.06939548319956873,0.0012259755486056392,-0.0681695076509631
2023020938,home,-6,2877,3180,0.00017933421863042262,0.00013044643655215138,-4.888778207827124e-05
2023021126,home,-3,1572,1908,0.09083777772716027,0.07007233870260218,-0.02076543902455809
2023021198,home,0,1793,2098,0.5374278508495379,0.3025914787952116,-0.23483637205432634
2023021042,home,-3,3488,3600,0.0006272285508959138,0.0012259755486056392,0.0005987469977097254
2023020496,home,0,3643,3701,0.5220248987850972,0.9702184100346217,0.44819351124952456
2023020533,home,-2,1815,2141,0.16589868896281837,0.020953270657609515,-0.14494541830520885
2023020733,home,-1,3552,3600,0.06384968813111473,0.035321007106373044,-0.028528681024741688
2023020904,home,-1,3509,3600,0.07790668521400122,0.0012259755486056392,-0.07668070966539559
2023021060,home,-1,3490,3796,0.08347035895772162,0.5220248987850972,0.4385545398273756
2023020382,home,3,2643,2944,0.980966876763991,0.9909706996313589,0.010003822867367895
2023020964,home,0,3893,3600,0.5220248987850972,0.9702184100346217,0.44819351124952456
2023020162,home,-2,3493,3600,0.007259089483889145,0.0012259755486056392,-0.006033113935283506
2023020395,home,-1,3549,3600,0.06492810102409977,0.035321007106373044,-0.029607093917726722
2023020875,home,-2,3566,3600,0.00349174404093304,0.0012259755486056392,-0.0022657684923274007
2023021175,home,-1,3540,3600,0.06805279825633913,0.035321007106373044,-0.032731791149966084
2023021232,home,0,3169,3490,0.5296276115075736,0.5258847012090964,-0.0037429102984772866
2023020663,home,-2,3525,3600,0.005569305054990651,0.0012259755486056392,-0.004343329506385012
2023020171,home,-4,1466,1767,0.046083318087953476,0.03477799762448934,-0.011305320463464136
2023020576,home,-3,782,1099,0.12384053599015672,0.11389535170902643,-0.009945184281130295
2023021217,home,0,3045,3353,0.5306405838784217,0.9030490989138791,0.37240851503545735
2023021112,home,-1,3500,3807,0.08057783165258041,0.5220248987850972,0.44144706713251675
2023020441,home,1,3543,3600,0.9443746250381014,0.9702184100346217,0.02584378499652029
2023021177,home,-2,1925,2236,0.15632154549212618,0.12624079995681375,-0.030080745535312425
2023020287,home,-1,3528,3600,0.07200919563610213,0.035321007106373044,-0.036688188529729084
2023020390,home,-1,1938,2242,0.3156938966000516,0.2892229803761464,-0.026470916223905183
2023020744,home,-1,3539,3714,0.06839090522546942,0.035321007106373044,-0.03306989811909638
2023020712,home,0,1699,2039,0.5378148974338394,0.5363622044716295,-0.001452692962209845
2023020860,home,-2,3516,3600,0.0060359822536984265,0.0012259755486056392,-0.0048100067050927875
2023021200,home,-1,3534,3600,0.07005746071989462,0.035321007106373044,-0.034736453613521574
2023021254,home,0,3801,3831,0.5220248987850972,0.035321007106373044,-0.48670389167872413
2023020800,home,-1,3475,3600,0.08768128796355426,0.035321007106373044,-0.05236028085718122
2023020969,home,-2,3571,3600,0.0032361511498738642,4.114916350330176e-05,-0.0031950019863705623
2024020090,home,-1,3516,3600,0.07577847483455644,4.114916350330176e-05,-0.07573732567105314
2024020152,home,-1,3486,3600,0.0846073970865288,0.0012259755486056392,-0.08338142153792316
2024020256,home,-1,3586,3600,0.049190123243903705,0.035321007106373044,-0.013869116137530661
2024020298,home,-1,3521,3600,0.07422786975628448,0.035321007106373044,-0.03890686264991144
2024020370,home,-1,3550,3600,0.06457087870497295,0.035321007106373044,-0.02924987159859991
2024020424,home,-3,3404,3600,0.001343690562093221,1.379566360660573e-06,-0.0013423109957325604
2024020445,home,0,3846,3600,0.5220248987850972,0.9989719931838715,0.47694709439877436
2024020568,home,-2,3487,3600,0.0075860567966677984,0.0012259755486056392,-0.006360081248062159
2024021002,home,-2,3530,3600,0.005312546452058664,0.035321007106373044,0.03000846065431438
2024021033,home,-2,3504,3600,0.006668327130762668,4.114916350330176e-05,-0.006627177967259366
2024021176,home,-1,3534,3600,0.07005746071989462,0.035321007106373044,-0.034736453613521574
2024021190,home,1,3003,3355,0.8469378269569925,0.9034219125337746,0.056484085576782084
2024021284,home,-1,3520,3600,0.07454015507123143,0.0012259755486056392,-0.0733141795226258
2024020042,home,-1,3512,3600,0.07700037659195022,0.035321007106373044,-0.041679369485577177
2024020086,home,0,3642,3766,0.5220248987850972,0.9702184100346217,0.44819351124952456
2024020148,home,-1,3486,3600,0.0846073970865288,0.0012259755486056392,-0.08338142153792316
2024020187,home,2,1909,2235,0.8777258675299592,0.9018321561207021,0.02410628859074293
2024020272,home,1,2023,2333,0.7496986515446171,0.7729275393935674,0.023228887848950275
2024020324,home,-1,3570,3600,0.05683792504911874,0.035321007106373044,-0.021516917942745697
2024020345,home,-1,3563,3600,0.05969506400658943,0.0012259755486056392,-0.05846908845798379
2024020353,home,-2,391,750,0.22918604115827546,0.2236208168568503,-0.005565224301425142
2024020372,home,-1,3491,3600,0.08318438638311723,0.035321007106373044,-0.04786337927674419
2024020425,home,0,3578,3769,0.5237558175366253,0.9702184100346217,0.44646259249799647
2024020669,home,-1,3535,3866,0.06972722211854648,0.5220248987850972,0.4522976766665507
2024021250,home,-2,3560,3600,0.0037954149603519486,4.114916350330176e-05,-0.0037542657968486466
2024020085,home,-1,3545,3600,0.06633599747928405,0.0012259755486056392,-0.06511002193067841
2024020239,home,1,1715,2025,0.7321406744093161,0.7498297331875866,0.01768905877827054
2024020257,home,0,3431,3693,0.5268033953307463,0.9702184100346217,0.44341501470387545
2024020331,home,-1,3243,3550,0.1424019672803238,0.06457087870497295,-0.07783108857535086
2024020397,home,1,2670,2988,0.8056009447551256,0.5310670355453676,-0.27453390920975795
2024020705,home,1,3410,3600,0.9140236416694005,0.9989719931838715,0.084948351514471
2024020755,home,-1,3542,3600,0.06737146664760663,0.035321007106373044,-0.03205045954123358
2024021171,home,-2,3522,3600,0.00572419160261694,4.114916350330176e-05,-0.005683042439113638
2024020084,home,0,2577,2905,0.5336743130615402,0.833727034343775,0.3000527212822348
2024020603,home,-1,3518,3600,0.07516144015831036,0.0012259755486056392,-0.07393546460970472
2024020900,home,3,3145,3472,0.9955344243697906,0.9270131611660954,-0.06852126320369512
2024020975,home,-1,3561,3600,0.06047732262791614,0.035321007106373044,-0.0251563155215431
2024020131,home,0,1243,1556,0.5395640087769792,0.34038738917525724,-0.19917661960172195
2024020251,home,-2,848,1156,0.2209671335254653,0.20921879735451507,-0.011748336170950224
2024020677,home,-2,3503,3600,0.0067215809094982185,0.035321007106373044,0.028599426196874826
2024021126,home,0,3538,3840,0.5249262817313874,0.5220248987850972,-0.0029013829462902763
2024020009,home,-1,3452,3693,0.09389029304589422,0.035321007106373044,-0.058569285939521175
2024020035,home,1,2046,2353,0.7512201233160782,0.7746387340143343,0.023418610698256015
2024020087,home,-1,1913,2223,0.31758441849610286,0.5355066116674173,0.21792219317131445
2024020102,home,-1,3531,3884,0.07103950685987052,0.5220248987850972,0.45098539192522663
2024020190,home,-1,3552,3600,0.06384968813111473,0.0012259755486056392,-0.0626237125825091
2024020314,home,1,2197,2515,0.761994464270225,0.5340165435607348,-0.2279779207094902
2024020451,home,-1,3573,3600,0.0555451491039535,0.035321007106373044,-0.020224141997580457
2024020627,home,-2,3444,3600,0.010033274491581985,4.114916350330176e-05,-0.009992125328078683
2024020784,home,-1,3573,3600,0.0555451491039535,0.035321007106373044,-0.020224141997580457
2024020834,home,-1,3523,3600,0.07359991025698452,0.0012259755486056392,-0.07237393470837888
2024020843,home,-2,1003,1319,0.2157139930791916,0.10429175200604791,-0.11142224107314368
2024020853,home,-2,3485,3600,0.007695808296094068,4.114916350330176e-05,-0.007654659132590766
2024020923,home,-2,3515,3600,0.006088220664232898,0.0012259755486056392,-0.004862245115627259
2024021090,home,-1,3531,3600,0.07103950685987052,0.0012259755486056392,-0.06981353131126489
2024020036,home,-2,3515,3600,0.006088220664232898,4.114916350330176e-05,-0.006047071500729596
2024020144,home,-2,3542,3600,0.004702354648169309,4.114916350330176e-05,-0.004661205484666007
2024020318,home,0,3640,3666,0.5220248987850972,0.9702184100346217,0.44819351124952456
2024020427,home,-2,3499,3600,0.006935489760284738,0.0012259755486056392,-0.005709514211679099
2024020676,home,-1,3547,3600,0.06563612752580437,0.035321007106373044,-0.03031512041943133
2024020801,home,-2,3514,3600,0.006140539585653115,4.114916350330176e-05,-0.006099390422149813
2024020106,home,-2,3480,3600,0.007971879162820668,0.035321007106373044,0.027349127943552376
2024020268,home,-2,3482,3600,0.007861159272412937,4.114916350330176e-05,-0.007820010108909635
2024020310,home,-1,3549,3600,0.06492810102409977,0.035321007106373044,-0.029607093917726722
2024020432,home,-1,3535,3600,0.06972722211854648,0.035321007106373044,-0.03440621501217344
2024020855,home,2,3215,3528,0.9791411988111015,0.9955682461853186,0.016427047374217074
2024020017,home,-1,3505,3600,0.07910239073156725,0.035321007106373044,-0.0437813836251942
2024020054,home,0,3856,3600,0.5220248987850972,0.9989719931838715,0.47694709439877436
2024020395,home,-1,3583,3600,0.05080288296217312,0.035321007106373044,-0.015481875855800076
2024020556,home,-1,3564,3600,0.059298739318641686,0.035321007106373044,-0.023977732212268642
2024020673,home,0,3820,3600,0.5220248987850972,0.035321007106373044,-0.48670389167872413
2024020693,home,-3,2977,3312,0.010447250906912477,0.002486201136024944,-0.007961049770887534
2024020783,home,-1,427,743,0.3722801390725144,0.22379103810504214,-0.14848910096747225
2024020913,home,-1,3308,3600,0.12844133225701765,0.035321007106373044,-0.09312032515064461
2024021211,home,-1,3497,3600,0.08145345359441872,0.0012259755486056392,-0.08022747804581308
2024020076,home,-1,3471,3600,0.08878118694487266,4.114916350330176e-05,-0.08874003778136937
2024020098,home,-1,3431,3600,0.09934378428956206,0.035321007106373044,-0.06402277718318902
2024020365,home,-1,3560,3600,0.06086352565163717,0.035321007106373044,-0.025542518545264126
2024020388,home,0,3806,3840,0.5220248987850972,0.035321007106373044,-0.48670389167872413
2024020522,home,-1,3598,3600,0.040157183276027145,0.035321007106373044,-0.004836176169654101
2024020621,home,-1,3443,3600,0.0962503642172805,0.0012259755486056392,-0.09502438866867487
2024020988,home,-2,2871,3175,0.05846742094705432,0.029542519002311158,-0.028924901944743165
2024021144,home,-1,3501,3600,0.08028438177044064,0.035321007106373044,-0.0449633746640676
2024021236,home,1,3436,3600,0.9193102012176694,0.999965502151402,0.08065530093373263
2024020315,home,-3,3480,3600,0.0006832918688680701,0.0012259755486056392,0.0005426836797375692
2024020495,home,-1,3592,3600,0.04548216805785092,0.035321007106373044,-0.010161160951477878
2024020735,home,1,3384,3600,0.9089233924900446,0.9702184100346217,0.06129501754457711
2024020833,home,-1,3567,3600,0.05808716235853281,0.035321007106373044,-0.02276615525215977
2024020937,home,1,3510,3600,0.9358154117492083,0.9702184100346217,0.03440299828541338
2024020995,home,0,3686,3893,0.5220248987850972,0.9702184100346217,0.44819351124952456
2024021050,home,0,3774,3833,0.5220248987850972,0.035321007106373044,-0.48670389167872413
2024021069,home,-2,3530,3600,0.005312546452058664,0.0012259755486056392,-0.004086570903453025
2024020414,home,-2,1321,1623,0.20071575151046142,0.08786136129131446,-0.11285439021914696
2024020509,home,-1,903,1204,0.3650942968687768,0.35611689854662176,-0.00897739832215505
2024020523,home,0,3857,3883,0.5220248987850972,0.9702184100346217,0.44819351124952456
2024020652,home,-2,3526,3600,0.005517818190311387,4.114916350330176e-05,-0.005476669026808085
2024020866,home,-1,3588,3600,0.048040427654853654,0.035321007106373044,-0.01271942054848061
2024020896,home,-1,3497,3600,0.08145345359441872,0.035321007106373044,-0.046132446488045674
2024021040,home,-1,3524,3600,0.07328419268433221,0.035321007106373044,-0.03796318557795917
2024021060,home,2,3442,3600,0.9917828859139791,0.9989719931838715,0.007189107269892414
2024020058,home,3,2943,3257,0.9909435983129081,0.9973242040167205,0.006380605703812381
2024020061,home,-2,3492,3600,0.007313347854529883,4.114916350330176e-05,-0.007272198691026581
2024020450,home,-1,3534,3600,0.07005746071989462,0.0012259755486056392,-0.06883148517128898
2024020719,home,-3,582,890,0.1276736184789556,0.12098467215080423,-0.0066889463281513545
2024021165,home,0,2455,2764,0.5343382431533208,0.532571653323514,-0.0017665898298068194
2024021300,home,-2,3452,3600,0.009563803473417596,0.035321007106373044,0.025757203632955448
2024020493,home,-1,3550,3600,0.06457087870497295,0.035321007106373044,-0.02924987159859991
2024020526,home,-1,3589,3600,0.04743765846775901,0.035321007106373044,-0.012116651361385969
2024020583,home,-2,3556,3600,0.003996945094094483,0.0012259755486056392,-0.002770969545488844
2024020683,home,-2,3550,3600,0.004298894634369098,0.0012259755486056392,-0.003072919085763459
2024021015,home,-2,3527,3600,0.005466400244862273,0.0012259755486056392,-0.004240424696256634
2024020046,home,-2,3510,3600,0.0063506366688425115,4.114916350330176e-05,-0.00630948750533921
2024020081,home,0,3470,3776,0.5262191181166525,0.5220248987850972,-0.004194219331555282
2024020149,home,-4,633,942,0.06738936477620695,0.06190256627424201,-0.005486798501964943
2024020482,home,1,3578,3600,0.9555443351045004,0.9989719931838715,0.0434276580793711
2024020638,home,0,3564,3648,0.524237723272342,0.9702184100346217,0.44598068676227975
2024021032,home,-1,3518,3600,0.07516144015831036,0.0012259755486056392,-0.07393546460970472
2024021146,home,1,2654,2959,0.8038551170083568,0.8408910136883766,0.03703589668001983
2024021217,home,2,3493,3600,0.9940892554372811,0.9702184100346217,-0.02387084540265938
2024021228,home,-1,3528,3600,0.07200919563610213,0.035321007106373044,-0.036688188529729084
2024020015,home,-2,3570,3600,0.0032875338807163484,0.0012259755486056392,-0.0020615583321107094
2024020062,home,-2,3535,3600,0.005057367253036971,0.0012259755486056392,-0.003831391704431332
2024020236,home,-1,3484,3600,0.085171924050199,0.035321007106373044,-0.04985091694382595
2024020327,home,-1,3561,3600,0.06047732262791614,0.035321007106373044,-0.0251563155215431
2024020379,home,-2,3398,3600,0.012861376676926467,0.035321007106373044,0.022459630429446577
2024020674,home,0,3764,3799,0.5220248987850972,0.9702184100346217,0.44819351124952456
2024020722,home,-1,3527,3600,0.07232981271182905,0.0012259755486056392,-0.07110383716322341
2024020958,home,-2,3492,3600,0.007313347854529883,0.0012259755486056392,-0.006087372305924244
2024021113,home,-2,1478,1778,0.1911612441438299,0.16897899385944687,-0.02218225028438303
2024021262,home,-2,3504,3600,0.006668327130762668,0.0012259755486056392,-0.005442351582157029
2024021277,home,-1,2343,2656,0.2788862401089309,0.24126217991631174,-0.037624060192619185
2024020562,home,1,3256,3561,0.8858317811926871,0.9998193670921994,0.1139875858995123
2024020587,home,1,3209,3517,0.8780136291026778,0.9996378384436757,0.12162420934099794
2024021147,home,-1,3579,3600,0.05279618792206501,0.035321007106373044,-0.017475180815691965
2024021163,home,-1,3542,3600,0.06737146664760663,0.0012259755486056392,-0.06614549109900099
2024021257,home,0,3770,3600,0.5220248987850972,0.035321007106373044,-0.48670389167872413
2024020265,home,-3,3419,3600,0.0011941974303834825,4.114916350330176e-05,-0.0011530482668801808
2024020416,home,-2,3404,3600,0.012480032605587417,4.114916350330176e-05,-0.012438883442084115
2024020532,home,-2,288,609,0.22965468173799058,0.226564690700357,-0.003089991037633577
2024020607,home,-1,2118,2482,0.3008270169060026,0.5341945839664164,0.23336756706041378
2024020680,home,-1,3580,3600,0.05231199222588333,0.035321007106373044,-0.016990985119510284
2024020699,home,-1,3487,3600,0.08432414805802145,0.0012259755486056392,-0.08309817250941581
2024020829,home,-1,3520,3633,0.07454015507123143,0.035321007106373044,-0.03921914796485839
2024021296,home,-1,3519,3600,0.0748513385354042,0.0012259755486056392,-0.07362536298679856
2024020300,home,-1,3532,3600,0.07071357112062177,0.035321007106373044,-0.03539256401424872
2024020492,home,1,3097,3412,0.8605231496089883,0.9144232801844964,0.05390013057550802
2024020620,home,2,1970,2293,0.8819575852431268,0.7695859636586494,-0.11237162158447744
2024021091,home,-2,3534,3600,0.005108286295216459,0.035321007106373044,0.030212720811156585
2024021246,home,-2,3545,3600,0.004550842514355953,4.114916350330176e-05,-0.004509693350852651
2024020323,home,-1,3556,3600,0.06237825970267247,0.035321007106373044,-0.027057252596299423
2024020814,home,0,3271,3591,0.5286757325577438,0.5231328842176834,-0.005542848340060358
2024020338,home,0,3758,3600,0.5220248987850972,0.035321007106373044,-0.48670389167872413
2024020644,home,-1,3552,3600,0.06384968813111473,0.035321007106373044,-0.028528681024741688
2024020854,home,0,3854,3899,0.5220248987850972,0.9702184100346217,0.44819351124952456
2024020221,home,-1,3517,3600,0.0754704793274252,0.0012259755486056392,-0.07424450377881957
2024020686,home,-2,3528,3600,0.005415049898874407,4.114916350330176e-05,-0.005373900735371105
2024020778,home,0,2195,2509,0.535640484137879,0.7889452478514761,0.2533047637135971
2024021200,home,0,3688,3732,0.5220248987850972,0.9702184100346217,0.44819351124952456
2024020387,home,-3,1739,2040,0.08082556072941859,0.06144359026136269,-0.019381970468055898
2024020821,home,3,1647,1968,0.9347927636846075,0.9796181085970885,0.044825344912481024
2024020869,home,-2,3412,3600,0.01197738643188898,0.0012259755486056392,-0.010751410883283342
2024021221,home,-4,2516,2821,0.009858906679462098,0.004048135224226252,-0.005810771455235847
2024020145,home,0,3438,3686,0.5267039943086042,0.035321007106373044,-0.4913829872022311
2024020184,home,-1,3574,3600,0.05510330035581166,0.035321007106373044,-0.019782293249438615
2024020506,home,-1,3553,3600,0.06348557838781654,0.035321007106373044,-0.0281645712814435
2024021290,home,0,3792,3882,0.5220248987850972,0.9702184100346217,0.44819351124952456
2024020743,home,-1,3563,3873,0.05969506400658943,0.5220248987850972,0.46232983477850775
2024020841,home,-1,3504,3600,0.0793991417057621,0.035321007106373044,-0.04407813459938905
2024020939,home,-2,2278,2601,0.12189830062686349,0.08728018818639934,-0.03461811244046416
2024020259,home,2,3221,3527,0.9795223102967888,0.9955269478791314,0.016004637582342607
2024020351,home,-1,3566,3600,0.05849495408348788,0.035321007106373044,-0.023173946977114834
2024020143,home,-1,3537,3600,0.06906220875361846,0.0012259755486056392,-0.06783623320501282
2024020419,home,-1,3528,3600,0.07200919563610213,0.0012259755486056392,-0.07078322008749649
2024021024,home,0,2063,2371,0.5362536930954158,0.5347743150220228,-0.001479378073393045
2024020270,home,-1,3522,3600,0.07391446193114468,0.0012259755486056392,-0.07268848638253904
2024020386,home,-6,1528,1833,0.0090016712169313,0.005614663138136038,-0.0033870080787952624
2024021229,home,-1,3553,3600,0.06348557838781654,0.035321007106373044,-0.0281645712814435
