game_id,total_elapsed_s,score_diff,wp_caller
2022020059,3567,0,0.4996473331091444
2022020110,3475,-1,0.08768128796355426
2022020255,3514,-1,0.07992344069204102
2022020469,3501,-1,0.08028438177044064
2022020562,3793,0,0.5342430884534922
2022020902,2721,0,0.5450183276044968
2022020957,3221,2,0.98139947817619
2022020987,3570,1,0.9503822557491226
2022021114,3534,-1,0.07331988598596406
2022021146,3551,-1,0.06722129770755271
2022021294,3584,-1,0.05517260163854459
2022020049,3487,2,0.9938277993696886
2022020074,3777,0,0.5342430884534922
2022020789,3551,-1,0.06421143071307858
2022021125,664,-1,0.3928137317193951
2022021205,2230,-1,0.311011469857037
2022021218,1682,-3,0.08432561099033961
2022021246,3624,0,0.5342430884534922
2022021298,3572,-1,0.05862959511127697
2022020361,3430,0,0.5390212874425626
2022020761,85,-2,0.22923360490555833
2022020930,3522,-2,0.006010116821911664
2022021076,3843,0,0.5342430884534922
2022021157,3468,-1,0.08960026005018468
2022020024,3482,-1,0.0857338758872987
2022020097,3460,-1,0.09176117913275081
2022020590,3785,0,0.5220248987850972
2022020739,232,-2,0.22971255890894457
2022021012,3839,0,0.5220248987850972
2022021120,2842,1,0.8393774752335313
2022020089,2251,-3,0.05235974150013492
2022020424,2705,2,0.9432426659038892
2022020840,3560,-1,0.06372714885734618
2022021013,611,-3,0.12723386955863636
2022020193,3795,0,0.5342430884534922
2022020275,3860,0,0.5220248987850972
2022020292,3489,-2,0.007849460255264583
2022020501,2530,-4,0.009525160735239057
2022020555,3578,-1,0.05579976679562046
2022020890,3650,0,0.5342430884534922
2022020387,3435,-2,0.011094561098272565
2022020605,3472,-2,0.0088380109343357
2022020687,765,-4,0.06544139390391623
2022020747,3577,-1,0.058950744598547725
2022021286,3474,-2,0.008720170254718555
2022020045,3524,-2,0.006196391031025591
2022020135,1713,-3,0.08243164223014818
2022020634,2210,2,0.9083627019390886
2022020656,3522,-1,0.0773415614369302
2022020839,3508,-1,0.08181548488641088
2022020971,3526,-2,0.005793495056608143
2022021133,3392,-2,0.013902861779952437
2022021188,3548,-1,0.07152817940061369
2022020016,3489,-3,0.0006515458684515893
2022020223,3496,-1,0.08550038562137088
2022020330,3429,-2,0.011474367882251878
2022020471,3525,-1,0.07635409025913974
2022020551,3597,-1,0.04329666207623475
2022020785,999,1,0.7283198079575129
2022020837,3556,-1,0.06237825970267247
2022020955,3071,0,0.54263017685344
2022021269,3556,0,0.5244705332151707
2022020485,1906,-1,0.33974593518182794
2022020623,3559,-1,0.06713322073602215
2022020727,3557,-1,0.06491743996185106
2022020735,3557,-1,0.06491743996185106
2022020815,3427,-2,0.011601838018107578
2022020381,1735,1,0.7518717990138476
2022020606,1515,0,0.5263391908670307
2022020744,3531,-1,0.0743440078878326
2022020881,3839,0,0.5342430884534922
2022020922,1670,-3,0.08505229063847335
2022021098,3552,-2,0.004198236244749421
2022021118,3499,0,0.5379315324608279
2022020444,1995,-1,0.3112280985490124
2022020488,3521,-1,0.07766828194293758
2022020591,3530,-2,0.005578025217730418
2022020756,3806,0,0.5342430884534922
2022020781,3493,-1,0.08640299511029004
2022020975,3526,-1,0.07602241701051597
2022021156,3533,-1,0.07366275558419512
2022021190,3553,-2,0.004355451854352113
2022020034,673,-3,0.1261624075172834
2022020146,1506,-3,0.0945682922486622
2022020406,135,-2,0.22949666742102204
2022020439,3538,-1,0.07193263873151408
2022020923,3561,0,0.5365393972739719
2022020934,3578,-1,0.05579976679562046
2022021225,3067,-1,0.18391351490399352
2022020113,2598,-2,0.09576769994380674
2022020649,3755,0,0.5342430884534922
2022021078,1612,-1,0.3372993841634887
2022021109,2056,2,0.8975333487859746
2022021123,3392,0,0.5395247816421063
2022020007,3490,0,0.513646856431216
2022020280,3530,-1,0.07468245509099708
2022020402,3508,-1,0.0855750698406357
2022020664,3550,1,0.9438225281352448
2022020737,3473,0,0.5505367191036524
2022020803,3522,-1,0.07391446193114468
2022021003,2922,1,0.8359524522417188
2022021028,3370,0,0.5397950312404435
2022021044,3510,-2,0.006667643182246012
2022020157,1897,-4,0.029819339921151194
2022020213,3858,0,0.5342430884534922
2022020473,2193,0,0.5599362378731697
2022020746,3688,0,0.5220248987850972
2022020759,3761,0,0.5342430884534922
2022020810,2965,0,0.5555589025215838
2022021029,3854,0,0.5220248987850972
2022020083,3462,-2,0.009433499103062053
2022020186,3834,0,0.5220248987850972
2022020267,2672,1,0.8058206212439566
2022020297,3730,0,0.5342430884534922
2022020434,3578,-1,0.05579976679562046
2022020817,3477,-3,0.0007775167526793998
2022021235,3773,0,0.5342430884534922
2022020166,1625,-2,0.18092542276106863
2022020527,2888,0,0.5439553564952226
2022020607,3464,-3,0.0008854292037157024
2022020826,3460,-2,0.009553863503687067
2022020288,3533,-2,0.005417122553156056
2022020489,3400,-1,0.11186679144440255
2022020819,3561,1,0.9496875172170856
2022021054,3672,0,0.5464203275098297
2022020200,3587,-2,0.002617218226533354
2022021035,507,-3,0.12863141777127823
2022021102,3554,-1,0.06917233917149297
2022020053,3598,-1,0.042090238130783594
2022021234,3103,1,0.8614226916944638
2022020281,3506,-2,0.006562083776931155
2022020058,732,-2,0.22405338152861565
2022020118,3549,-2,0.004795195888263022
2022020530,3520,0,0.5375275545825089
2022020964,3567,-1,0.060828618786311676
2022021293,2585,2,0.9366231905646578
2022020107,3553,-2,0.004355451854352113
2022020129,3543,-1,0.06702815366050038
2022020095,3333,3,0.9984128045730116
2022020422,1446,-3,0.09783076503709867
2022021056,1330,-2,0.2002066889431686
2022021031,3554,-1,0.06917233917149297
2022020300,3565,-1,0.06167600782602821
2022020388,3802,0,0.5464203275098297
2022020178,3564,-1,0.059298739318641686
2023020117,2562,-3,0.029015171600490105
2023020187,3564,-1,0.062093607265103816
2023020253,3471,-1,0.08878118694487266
2023020271,3467,-2,0.009134440263448515
2023020290,3531,-1,0.0743440078878326
2023020299,1376,-4,0.049256427158559754
2023020352,3572,-1,0.05862959511127697
2023020523,3580,-1,0.05479674283549977
2023020553,3498,-2,0.00733783914345288
2023020620,3567,-1,0.060828618786311676
2023020722,3458,-2,0.009216007575831074
2023020886,3458,-2,0.010155889463308301
2023020922,3500,-2,0.006881877423782926
2023020992,3559,1,0.9513817881309571
2023020062,3427,-2,0.011601838018107578
2023020145,3745,0,0.5342430884534922
2023020282,3540,-2,0.005043726888408365
2023020308,854,0,0.5409198796382786
2023020457,3670,0,0.5342430884534922
2023020589,3515,-1,0.07960455118338715
2023020741,3563,-1,0.06250737031325614
2023020823,3897,0,0.5342430884534922
2023020853,3744,0,0.5342430884534922
2023020911,3515,-1,0.07960455118338715
2023020941,3502,1,0.9275704153943386
2023020978,3506,-3,0.0005353801437455645
2023021064,3506,1,0.9317954111241549
2023021136,3555,-1,0.0656961175370612
2023021295,3479,-1,0.09052871905291554
2023020010,3505,-3,0.0005419083562866511
2023020085,3564,-1,0.0650110993219436
2023020348,1853,0,0.5371752835741874
2023020745,3551,-2,0.0046842393770044535
2023020884,3574,-1,0.05510330035581166
2023020945,3190,0,0.5537823673916379
2023020971,3536,-2,0.0052567690130668554
2023020503,3826,0,0.5342430884534922
2023020603,3397,-2,0.014238029395876033
2023020035,1927,-4,0.02868886174120022
2023020263,2821,1,0.8231210408662002
2023020296,3552,-1,0.06684380989503128
2023020381,2708,1,0.8098303822596471
2023020861,3587,-1,0.048623845832058345
2023021083,3581,-1,0.05428154398892014
2023020039,3805,0,0.5342430884534922
2023020142,3553,-1,0.06646383807277043
2023020367,3502,-1,0.08367347465909894
2023020578,3543,-2,0.004884437719732995
2023020852,3118,-4,0.0012478130257770421
2023021251,3524,0,0.5374447481082814
2023020174,3532,-1,0.07400411860069116
2023020802,3538,0,0.5371360661490377
2023021312,2788,-1,0.22257773467571465
2023020090,3494,-1,0.08610289950394363
2023020201,3568,-1,0.05767519595236169
2023020324,2001,3,0.9557877117171542
2023020350,3756,0,0.5342430884534922
2023020571,2661,0,0.5575016850183223
2023020678,3499,1,0.9300542601660324
2023020828,166,-1,0.37311684950218693
2023020013,3857,0,0.5342430884534922
2023020233,2165,1,0.7770434110146807
2023020332,2657,-1,0.26905594688379636
2023020396,3828,0,0.5342430884534922
2023020730,3526,-1,0.07602241701051597
2023020806,3536,-1,0.07262948920717706
2023020966,3746,0,0.5220248987850972
2023021130,3029,0,0.5550920157543853
2023021163,3547,-2,0.004672571159654697
2023020134,2975,0,0.5311614104481744
2023020586,3510,-1,0.07760551428268501
2023020720,3588,1,0.9558490680797055
2023021240,3474,-2,0.008720170254718555
2023021277,3489,0,0.5381088908839017
2023020029,2890,-1,0.22341190989746645
2023020239,3531,-1,0.0743440078878326
2023020511,2657,-1,0.2411273104037577
2023020871,2791,-2,0.06683451220566378
2023020958,3547,-1,0.07191231078226121
2023020036,3567,-1,0.060828618786311676
2023020068,3569,-2,0.0035059630925631698
2023020641,3817,0,0.5342430884534922
2023020704,3474,-1,0.09197065314823982
2023020786,3476,-1,0.09139574195960604
2023020976,3541,-2,0.004990587747695169
2023020996,3578,-1,0.05327209759106925
2023020149,1735,-3,0.08107364868273063
2023020839,3558,-1,0.06452375244632853
2023021135,3544,-1,0.06980009297523472
2023021210,3554,-1,0.06608130213255256
2023020114,3195,0,0.5415922116085207
2023020151,3497,-1,0.08519794614057531
2023020182,3517,-2,0.006596270067347199
2023020752,3361,-2,0.016051364741360256
2023020869,2328,-3,0.047035710243297245
2023021307,3529,-2,0.005913126744245177
2023020069,2882,2,0.9590144202244884
2023020121,3848,0,0.5220248987850972
2023020244,3546,-1,0.06907400792559461
2023020423,3501,-1,0.08028438177044064
2023020442,3521,0,0.5375070525134182
2023020464,2623,2,0.9337253766811576
2023020610,3888,0,0.5342430884534922
2023020857,3513,-1,0.0839351481481918
2023021014,3472,-1,0.09254314444435889
2023020064,3502,-1,0.08367347465909894
2023020099,3505,-2,0.006945280201393686
2023020261,3507,-2,0.006833954826937531
2023020344,3430,-1,0.10874475369180805
2023020355,3488,-2,0.007906799130707628
2023020387,3566,-1,0.05849495408348788
2023020644,3417,0,0.5391994147338682
2023020725,1848,-1,0.32231038721659416
2023020831,3536,-1,0.07262948920717706
2023020938,2877,-6,0.00017933421863042262
2023021126,1572,-3,0.09083777772716027
2023021198,1793,0,0.5374278508495379
2023021042,3488,-3,0.0006918071947563298
2023020496,3643,0,0.5342430884534922
2023020533,1815,-2,0.16589868896281837
2023020733,3552,-1,0.06684380989503128
2023020904,3509,-1,0.07790668521400122
2023021060,3490,-1,0.08729875852871986
2023020382,2643,3,0.9790469827841769
2023020964,3893,0,0.5220248987850972
2023020162,3493,-2,0.007621095685105616
2023020395,3549,-1,0.0711417369599689
2023020875,3566,-2,0.0036665690019242548
2023021175,3540,-1,0.0745416302389432
2023021232,3169,0,0.5296276115075736
2023020663,3525,-2,0.006139587565339134
2023020171,1466,-4,0.046083318087953476
2023020576,782,-3,0.12384053599015672
2023021217,3045,0,0.5306405838784217
2023021112,3500,-1,0.08057783165258041
2023020441,3543,1,0.9417421679222383
2023021177,1925,-2,0.15632154549212618
2023020287,3528,-1,0.0753551441511897
2023020390,1938,-1,0.3156938966000516
2023020744,3539,-1,0.07158169640245296
2023020712,1699,0,0.5378148974338394
2023020860,3516,-2,0.00633738224982286
2023021200,3534,-1,0.07331988598596406
2023021254,3801,0,0.5097802972592671
2023020800,3475,-1,0.08768128796355426
2023020969,3571,-2,0.003398222702144604
2024020090,3516,-1,0.07928460151152347
2024020152,3486,-1,0.0884829126492526
2024020256,3586,-1,0.049190123243903705
2024020298,3521,-1,0.07766828194293758
2024020370,3550,-1,0.06759637750554705
2024020424,3404,-3,0.001411118880549861
2024020445,3846,0,0.5220248987850972
2024020568,3487,-2,0.007964237839294107
2024021002,3530,-2,0.005312546452058664
2024021033,3504,-2,0.006668327130762668
2024021176,3534,-1,0.07331988598596406
2024021190,3003,1,0.8592221053509169
2024021284,3520,-1,0.07454015507123143
2024020042,3512,-1,0.08055811057267452
2024020086,3642,0,0.5342430884534922
2024020148,3486,-1,0.0884829126492526
2024020187,1909,2,0.8828912738674802
2024020272,2023,1,0.7496986515446171
2024020324,3570,-1,0.062328936919529725
2024020345,3563,-1,0.06250737031325614
2024020353,391,-2,0.22918604115827546
2024020372,3491,-1,0.08700091476350491
2024020425,3578,0,0.5359690916784665
2024020669,3535,-1,0.07297547568193567
2024021250,3560,-2,0.004184820083749138
2024020085,3545,-1,0.06943806241840522
2024020239,1715,1,0.7509287294972048
2024020257,3431,0,0.5268033953307463
2024020331,3243,-1,0.1484953624392113
2024020397,2670,1,0.8056009447551256
2024020705,3410,1,0.9100915785739208
2024020755,3542,-1,0.07051829593779521
2024021171,3522,-2,0.006010116821911664
2024020084,2577,0,0.5336743130615402
2024020603,3518,-1,0.07864144702742755
2024020900,3145,3,0.9955344243697906
2024020975,3561,-1,0.06332400023735692
2024020131,1243,0,0.5517188635272344
2024020251,848,-2,0.2209671335254653
2024020677,3503,-2,0.007408974421686911
2024021126,3538,0,0.5249262817313874
2024020009,3452,-1,0.09389029304589422
2024020035,2046,1,0.7690919880627932
2024020087,1913,-1,0.33920607107672796
2024020102,3531,-1,0.0743440078878326
2024020190,3552,-1,0.06384968813111473
2024020314,2197,1,0.761994464270225
2024020451,3573,-1,0.058174043428007645
2024020627,3444,-2,0.010532159798824702
2024020784,3573,-1,0.058174043428007645
2024020834,3523,-1,0.07701363818478732
2024020843,1003,-2,0.20753459573161318
2024020853,3485,-2,0.008079416140874715
2024020923,3515,-2,0.006392212351604319
2024021090,3531,-1,0.0743440078878326
2024020036,3515,-2,0.006392212351604319
2024020144,3542,-2,0.00493749224741939
2024020318,3640,0,0.5342430884534922
2024020427,3499,-2,0.007281476613570889
2024020676,3547,-1,0.07191231078226121
2024020801,3514,-2,0.006447126670191911
2024020106,3480,-2,0.008786005465263173
2024020268,3482,-2,0.008252940708049857
2024020310,3549,-1,0.06796912145894118
2024020432,3535,-1,0.07297547568193567
2024020855,3215,2,0.9810526269866529
2024020017,3505,-1,0.0827485392770515
2024020054,3856,0,0.5342430884534922
2024020395,3583,-1,0.053219978296044676
2024020556,3564,-1,0.062093607265103816
2024020673,3820,0,0.5220248987850972
2024020693,2977,-3,0.010966492372343898
2024020783,427,-1,0.3722801390725144
2024020913,3308,-1,0.12844133225701765
2024021211,3497,-1,0.08145345359441872
2024020076,3471,-1,0.08878118694487266
2024020098,3431,-1,0.09934378428956206
2024020365,3560,-1,0.06372714885734618
2024020388,3806,0,0.5220248987850972
2024020522,3598,-1,0.042090238130783594
2024020621,3443,-1,0.0962503642172805
2024020988,2871,-2,0.05846742094705432
2024021144,3501,-1,0.08028438177044064
2024021236,3436,1,0.9193102012176694
2024020315,3480,-3,0.0007176042475060019
2024020495,3592,-1,0.047658825352402796
2024020735,3384,1,0.912901655726752
2024020833,3567,-1,0.060828618786311676
2024020937,3510,1,0.9386982444620741
2024020995,3686,0,0.5220248987850972
2024021050,3774,0,0.5220248987850972
2024021069,3530,-2,0.005578025217730418
2024020414,1321,-2,0.19296513175096613
2024020509,903,-1,0.3881109097186662
2024020523,3857,0,0.5342430884534922
2024020652,3526,-2,0.005517818190311387
2024020866,3588,-1,0.048040427654853654
2024020896,3497,-1,0.08519794614057531
2024021040,3524,-1,0.07668448908545965
2024021060,3442,2,0.9909439436796642
2024020058,2943,3,0.9909435983129081
2024020061,3492,-2,0.008060768262508417
2024020450,3534,-1,0.07331988598596406
2024020719,582,-3,0.1276736184789556
2024021165,2455,0,0.5465151061407267
2024021300,3452,-2,0.010538777566232078
2024020493,3550,-1,0.07075291510272659
2024020526,3589,-1,0.04970302732717509
2024020583,3556,-2,0.004196957976028538
2024020683,3550,-2,0.004739710412516057
2024021015,3527,-2,0.005739523034538267
2024020046,3510,-2,0.006667643182246012
2024020081,3470,0,0.5262191181166525
2024020149,633,-4,0.06738936477620695
2024020482,3578,1,0.9534144059591976
2024020638,3564,0,0.5364495768166285
2024021032,3518,-1,0.07864144702742755
2024021146,2654,1,0.8188575492419373
2024021217,3493,2,0.9934842394829986
2024021228,3528,-1,0.0753551441511897
2024020015,3570,-2,0.0034521698487588784
2024020062,3535,-2,0.005310162270351567
2024020236,3484,-1,0.09312994673588512
2024020327,3561,-1,0.06332400023735692
2024020379,3398,-2,0.013498966444853813
2024020674,3764,0,0.5342430884534922
2024020722,3527,-1,0.07568944378977627
2024020958,3492,-2,0.008060768262508417
2024021113,1478,-2,0.1911612441438299
2024021262,3504,-2,0.007001080153716748
2024021277,2343,-1,0.2788862401089309
2024020562,3256,1,0.8906974000556948
2024020587,3209,1,0.88813328609056
2024021147,3579,-1,0.055302595095439736
2024021163,3542,-1,0.07051829593779521
2024021257,3770,0,0.5342430884534922
2024020265,3419,-3,0.001317073528326193
2024020416,3404,-2,0.01309896848514832
2024020532,288,-2,0.22965468173799058
2024020607,2118,-1,0.31123919525277793
2024020680,3580,-1,0.05479674283549977
2024020699,3487,-1,0.08818793909848585
2024020829,3520,-1,0.07799382205975192
2024021296,3519,-1,0.07831820343291036
2024020300,3532,-1,0.07400411860069116
2024020492,3097,1,0.8605231496089883
2024020620,1970,2,0.8819575852431268
2024021091,3534,-2,0.005363612805245572
2024021246,3545,-2,0.004778440240480743
2024020323,3556,-1,0.06530819497191995
2024020814,3271,0,0.5286757325577438
2024020338,3758,0,0.5342430884534922
2024020644,3552,-1,0.06996784206481467
2024020854,3854,0,0.5220248987850972
2024020221,3517,-1,0.07896357315698287
2024020686,3528,-2,0.005685621691500383
2024020778,2195,0,0.5599268174891506
2024021200,3688,0,0.5342430884534922
2024020387,1739,-3,0.08082556072941859
2024020821,1647,3,0.9405212614128735
2024020869,3412,-2,0.013195133235183345
2024021221,2516,-4,0.010863634848301804
2024020145,3438,0,0.5144677722369096
2024020184,3574,-1,0.05510330035581166
2024020506,3553,-1,0.06348557838781654
2024021290,3792,0,0.5220248987850972
2024020743,3563,-1,0.06250737031325614
2024020841,3504,-1,0.0793991417057621
2024020939,2278,-2,0.12189830062686349
2024020259,3221,2,0.980483001254293
2024020351,3566,-1,0.06125440487012338
2024020143,3537,-1,0.06906220875361846
2024020419,3528,-1,0.0753551441511897
2024021024,2063,0,0.5605342680208995
2024020270,3522,-1,0.07391446193114468
2024020386,1528,-6,0.0090016712169313
2024021229,3553,-1,0.06646383807277043
